complete_srs_00001.json,989
complete_srs_00002.json,989
complete_srs_00003.json,986
complete_srs_00004.json,963
complete_srs_00005.json,992
complete_srs_00006.json,990
complete_srs_00007.json,993
complete_srs_00008.json,977
complete_srs_00009.json,989
complete_srs_00010.json,970
complete_srs_00011.json,969
complete_srs_00012.json,988
complete_srs_00013.json,988
complete_srs_00014.json,962
complete_srs_00015.json,978
complete_srs_00016.json,974
complete_srs_00017.json,975
complete_srs_00018.json,989
complete_srs_00019.json,959
complete_srs_00020.json,976
complete_srs_00021.json,985
complete_srs_00022.json,968
complete_srs_00023.json,969
complete_srs_00024.json,983
complete_srs_00025.json,992
complete_srs_00026.json,981
complete_srs_00027.json,980
complete_srs_00028.json,991
complete_srs_00029.json,992
complete_srs_00030.json,985
complete_srs_00031.json,988
complete_srs_00032.json,986
complete_srs_00033.json,954
complete_srs_00034.json,974
complete_srs_00035.json,965
complete_srs_00036.json,973
complete_srs_00037.json,976
complete_srs_00038.json,954
complete_srs_00039.json,976
complete_srs_00040.json,990
complete_srs_00041.json,935
complete_srs_00042.json,970
complete_srs_00043.json,963
complete_srs_00044.json,957
complete_srs_00045.json,987
complete_srs_00046.json,966
complete_srs_00047.json,967
complete_srs_00048.json,983
complete_srs_00049.json,977
complete_srs_00050.json,949
complete_srs_00051.json,975
complete_srs_00052.json,982
complete_srs_00053.json,963
complete_srs_00054.json,897
complete_srs_00055.json,979
complete_srs_00056.json,907
complete_srs_00057.json,968
complete_srs_00058.json,973
complete_srs_00059.json,974
complete_srs_00060.json,975
complete_srs_00061.json,991
complete_srs_00062.json,985
complete_srs_00063.json,984
complete_srs_00064.json,972
complete_srs_00065.json,980
complete_srs_00066.json,974
complete_srs_00067.json,947
complete_srs_00068.json,937
complete_srs_00069.json,993
complete_srs_00070.json,980
complete_srs_00071.json,987
complete_srs_00072.json,988
complete_srs_00073.json,969
complete_srs_00074.json,982
complete_srs_00075.json,975
complete_srs_00076.json,953
complete_srs_00077.json,943
complete_srs_00078.json,988
complete_srs_00079.json,968
complete_srs_00080.json,970
complete_srs_00081.json,959
complete_srs_00082.json,959
complete_srs_00083.json,992
complete_srs_00084.json,952
complete_srs_00085.json,975
complete_srs_00086.json,929
complete_srs_00087.json,977
complete_srs_00088.json,970
complete_srs_00089.json,975
complete_srs_00090.json,915
complete_srs_00091.json,949
complete_srs_00092.json,960
complete_srs_00093.json,961
complete_srs_00094.json,956
complete_srs_00095.json,989
complete_srs_00096.json,962
complete_srs_00097.json,941
complete_srs_00098.json,943
complete_srs_00099.json,970
complete_srs_00100.json,949
complete_srs_00101.json,965
complete_srs_00102.json,967
complete_srs_00103.json,989
complete_srs_00104.json,986
complete_srs_00105.json,991
complete_srs_00106.json,969
complete_srs_00107.json,982
complete_srs_00108.json,953
complete_srs_00109.json,970
complete_srs_00110.json,966
complete_srs_00111.json,966
complete_srs_00112.json,947
complete_srs_00113.json,991
complete_srs_00114.json,967
complete_srs_00115.json,962
complete_srs_00116.json,966
complete_srs_00117.json,952
complete_srs_00118.json,985
complete_srs_00119.json,991
complete_srs_00120.json,981
complete_srs_00121.json,973
complete_srs_00122.json,991
complete_srs_00123.json,989
complete_srs_00124.json,987
complete_srs_00125.json,988
complete_srs_00126.json,983
complete_srs_00127.json,986
complete_srs_00128.json,974
complete_srs_00129.json,966
complete_srs_00130.json,965
complete_srs_00131.json,984
complete_srs_00132.json,977
complete_srs_00133.json,968
complete_srs_00134.json,959
complete_srs_00135.json,984
complete_srs_00136.json,986
complete_srs_00137.json,947
complete_srs_00138.json,984
complete_srs_00139.json,986
complete_srs_00140.json,955
complete_srs_00141.json,971
complete_srs_00142.json,982
complete_srs_00143.json,978
complete_srs_00144.json,937
complete_srs_00145.json,942
complete_srs_00146.json,978
complete_srs_00147.json,974
complete_srs_00148.json,962
complete_srs_00149.json,952
complete_srs_00150.json,975
complete_srs_00151.json,991
complete_srs_00152.json,961
complete_srs_00153.json,993
complete_srs_00154.json,983
complete_srs_00155.json,949
complete_srs_00156.json,950
complete_srs_00157.json,946
complete_srs_00158.json,974
complete_srs_00159.json,933
complete_srs_00160.json,985
complete_srs_00161.json,965
complete_srs_00162.json,960
complete_srs_00163.json,989
complete_srs_00164.json,953
complete_srs_00165.json,987
complete_srs_00166.json,988
complete_srs_00167.json,979
complete_srs_00168.json,982
complete_srs_00169.json,985
complete_srs_00170.json,976
complete_srs_00171.json,984
complete_srs_00172.json,896
complete_srs_00173.json,961
complete_srs_00174.json,984
complete_srs_00175.json,961
complete_srs_00176.json,950
complete_srs_00177.json,950
complete_srs_00178.json,961
complete_srs_00179.json,928
complete_srs_00180.json,980
complete_srs_00181.json,955
complete_srs_00182.json,993
complete_srs_00183.json,979
complete_srs_00184.json,978
complete_srs_00185.json,948
complete_srs_00186.json,951
complete_srs_00187.json,982
complete_srs_00188.json,978
complete_srs_00189.json,954
complete_srs_00190.json,945
complete_srs_00191.json,941
complete_srs_00192.json,938
complete_srs_00193.json,973
complete_srs_00194.json,920
complete_srs_00195.json,981
complete_srs_00196.json,981
complete_srs_00197.json,966
complete_srs_00198.json,964
complete_srs_00199.json,982
complete_srs_00200.json,980
complete_srs_00201.json,980
complete_srs_00202.json,984
complete_srs_00203.json,974
complete_srs_00204.json,949
complete_srs_00205.json,980
complete_srs_00206.json,972
complete_srs_00207.json,983
complete_srs_00208.json,981
complete_srs_00209.json,982
complete_srs_00210.json,991
complete_srs_00211.json,987
complete_srs_00212.json,978
complete_srs_00213.json,946
complete_srs_00214.json,976
complete_srs_00215.json,984
complete_srs_00216.json,985
complete_srs_00217.json,960
complete_srs_00218.json,982
complete_srs_00219.json,951
